Timestep,Marker ID,Position (x),Position (y),Position (z)
0,4,12.565793921160406,8.264386265085122,51.87654800531174
0,3,-14.107774713402756,-10.511420984508508,38.22313131337092
1,4,12.565793921160406,8.264386265085122,51.87654800531174
1,3,-14.107774713402756,-10.511420984508508,38.22313131337092
2,4,12.565793921160406,8.264386265085122,51.87654800531174
2,3,-14.107774713402756,-10.511420984508508,38.22313131337092
3,17,39.168091038196295,22.54614481649836,44.047427915891866
3,4,12.565793921160406,8.264386265085122,51.87654800531174
3,3,-14.107774713402756,-10.511420984508508,38.22313131337092
4,17,103.64998172229917,59.78844362873551,116.57370342696072
4,4,12.565105303282753,8.248147746613474,51.848315865973376
4,3,-14.250612934556745,-10.587620980159933,38.614675269840276
5,4,12.565793921160406,8.264386265085122,51.87654800531174
5,3,-14.206243764128534,-10.572610938266342,38.4498567579786
6,4,12.565793921160406,8.264386265085122,51.87654800531174
6,3,-14.107774713402756,-10.511420984508508,38.22313131337092
7,4,12.565793921160406,8.264386265085122,51.87654800531174
7,3,-14.206243764128534,-10.572610938266342,38.4498567579786
8,4,12.565793921160406,8.264386265085122,51.87654800531174
8,3,-14.107774713402756,-10.511420984508508,38.22313131337092
9,4,12.565793921160406,8.264386265085122,51.87654800531174
9,3,-14.206243764128534,-10.572610938266342,38.4498567579786
10,4,12.565793921160406,8.264386265085122,51.87654800531174
10,3,-14.047833524738964,-10.450487866758928,38.05991412111097
11,4,12.565793921160406,8.264386265085122,51.87654800531174
11,3,-14.047833524738964,-10.450487866758928,38.05991412111097
12,4,12.565793921160406,8.264386265085122,51.87654800531174
12,3,-14.206243764128534,-10.572610938266342,38.4498567579786
13,4,12.565793921160406,8.264386265085122,51.87654800531174
13,3,-14.206243764128534,-10.572610938266342,38.4498567579786
14,4,12.565793921160406,8.264386265085122,51.87654800531174
14,3,-14.107774713402756,-10.511420984508508,38.22313131337092
15,17,103.64998172229917,59.78844362873551,116.57370342696072
15,4,12.565793921160406,8.264386265085122,51.87654800531174
15,3,-14.107774713402756,-10.511420984508508,38.22313131337092
16,4,12.565793921160406,8.264386265085122,51.87654800531174
16,3,-14.107774713402756,-10.511420984508508,38.22313131337092
17,4,12.565793921160406,8.264386265085122,51.87654800531174
17,3,-14.107774713402756,-10.511420984508508,38.22313131337092
18,4,12.565793921160406,8.264386265085122,51.87654800531174
18,3,-14.107774713402756,-10.511420984508508,38.22313131337092
19,4,12.565793921160406,8.264386265085122,51.87654800531174
19,3,-14.107774713402756,-10.511420984508508,38.22313131337092
20,4,12.565793921160406,8.264386265085122,51.87654800531174
20,3,-14.107774713402756,-10.511420984508508,38.22313131337092
21,4,12.565793921160406,8.264386265085122,51.87654800531174
21,3,-14.107774713402756,-10.511420984508508,38.22313131337092
22,4,12.670411924629834,8.346419023925726,52.45453765252165
22,3,-14.107774713402756,-10.511420984508508,38.22313131337092
23,17,37.1845627555241,21.43191363167785,41.792937189011234
23,4,12.565793921160406,8.264386265085122,51.87654800531174
23,3,-14.107774713402756,-10.511420984508508,38.22313131337092
24,4,12.565793921160406,8.264386265085122,51.87654800531174
24,3,-14.107774713402756,-10.511420984508508,38.22313131337092
25,4,12.565793921160406,8.264386265085122,51.87654800531174
25,3,-14.107774713402756,-10.511420984508508,38.22313131337092
26,4,12.565793921160406,8.264386265085122,51.87654800531174
26,3,-14.08942242943161,-10.468614936468853,38.17370919410403
26,17,37.1845627555241,21.43191363167785,41.792937189011234
27,4,12.565793921160406,8.264386265085122,51.87654800531174
27,3,-14.274186552164625,-10.626442913871198,38.74982106184454
28,4,12.670411924629834,8.346419023925726,52.45453765252165
28,3,-14.047833524738964,-10.450487866758928,38.05991412111097
29,4,12.565793921160406,8.264386265085122,51.87654800531174
29,3,-14.107774713402756,-10.511420984508508,38.22313131337092
30,4,12.565793921160406,8.264386265085122,51.87654800531174
30,3,-14.206243764128534,-10.572610938266342,38.4498567579786
31,4,12.565793921160406,8.264386265085122,51.87654800531174
31,3,-14.107774713402756,-10.511420984508508,38.22313131337092
32,4,12.565793921160406,8.264386265085122,51.87654800531174
32,3,-14.107774713402756,-10.511420984508508,38.22313131337092
33,4,12.565793921160406,8.264386265085122,51.87654800531174
33,3,-14.274186552164625,-10.626442913871198,38.74982106184454
34,4,12.670411924629834,8.346419023925726,52.45453765252165
34,3,-14.107774713402756,-10.511420984508508,38.22313131337092
35,4,12.670411924629834,8.346419023925726,52.45453765252165
35,3,-14.107774713402756,-10.511420984508508,38.22313131337092
36,4,12.565793921160406,8.264386265085122,51.87654800531174
36,3,-14.206243764128534,-10.572610938266342,38.4498567579786
37,4,12.565793921160406,8.264386265085122,51.87654800531174
37,3,-14.206243764128534,-10.572610938266342,38.4498567579786
38,4,12.670411924629834,8.346419023925726,52.45453765252165
38,3,-14.107774713402756,-10.511420984508508,38.22313131337092
39,4,12.670411924629834,8.346419023925726,52.45453765252165
39,3,-14.206243764128534,-10.572610938266342,38.4498567579786
40,4,12.670411924629834,8.346419023925726,52.45453765252165
40,3,-14.107774713402756,-10.511420984508508,38.22313131337092
41,4,12.670411924629834,8.346419023925726,52.45453765252165
41,3,-14.206243764128534,-10.572610938266342,38.4498567579786
42,4,12.565793921160406,8.264386265085122,51.87654800531174
42,3,-14.107774713402756,-10.511420984508508,38.22313131337092
43,4,12.670411924629834,8.346419023925726,52.45453765252165
43,3,-14.107774713402756,-10.511420984508508,38.22313131337092
44,17,16.9334213095546,7.731457924931777,18.195642008550447
44,4,12.670411924629834,8.346419023925726,52.45453765252165
44,3,-14.047833524738964,-10.450487866758928,38.05991412111097
45,4,12.670411924629834,8.346419023925726,52.45453765252165
45,3,-14.274186552164625,-10.626442913871198,38.74982106184454
46,4,12.565793921160406,8.264386265085122,51.87654800531174
46,3,-14.107774713402756,-10.511420984508508,38.22313131337092
47,4,12.565793921160406,8.264386265085122,51.87654800531174
47,3,-14.250612934556745,-10.587620980159933,38.614675269840276
48,4,12.565793921160406,8.264386265085122,51.87654800531174
48,3,-14.206243764128534,-10.572610938266342,38.4498567579786
48,17,218.51105747488094,116.53790448467555,241.1169468767877
49,4,12.670411924629834,8.346419023925726,52.45453765252165
49,3,-14.107774713402756,-10.511420984508508,38.22313131337092
50,4,12.565793921160406,8.264386265085122,51.87654800531174
50,3,-14.047833524738964,-10.450487866758928,38.05991412111097
51,4,12.565793921160406,8.264386265085122,51.87654800531174
51,3,-14.107774713402756,-10.511420984508508,38.22313131337092
52,4,12.670411924629834,8.346419023925726,52.45453765252165
52,3,-14.107774713402756,-10.511420984508508,38.22313131337092
53,4,12.565793921160406,8.264386265085122,51.87654800531174
53,3,-14.206243764128534,-10.572610938266342,38.4498567579786
54,4,12.670411924629834,8.346419023925726,52.45453765252165
54,3,-14.107774713402756,-10.511420984508508,38.22313131337092
55,4,12.565793921160406,8.264386265085122,51.87654800531174
55,3,-14.107774713402756,-10.511420984508508,38.22313131337092
56,4,12.670411924629834,8.346419023925726,52.45453765252165
56,3,-14.107774713402756,-10.511420984508508,38.22313131337092
57,4,12.670411924629834,8.346419023925726,52.45453765252165
57,3,-14.107774713402756,-10.511420984508508,38.22313131337092
58,4,12.565793921160406,8.264386265085122,51.87654800531174
58,3,-14.274186552164625,-10.626442913871198,38.74982106184454
59,4,12.565793921160406,8.264386265085122,51.87654800531174
59,3,-14.107774713402756,-10.511420984508508,38.22313131337092
60,4,12.670411924629834,8.346419023925726,52.45453765252165
60,3,-14.274186552164625,-10.626442913871198,38.74982106184454
61,4,12.670411924629834,8.346419023925726,52.45453765252165
61,3,-14.206243764128534,-10.572610938266342,38.4498567579786
62,4,12.670411924629834,8.346419023925726,52.45453765252165
62,3,-14.274186552164625,-10.626442913871198,38.74982106184454
63,4,12.565793921160406,8.264386265085122,51.87654800531174
63,3,-14.131224905061393,-10.515930949528858,38.287463792802924
64,4,12.565793921160406,8.264386265085122,51.87654800531174
64,3,-14.107774713402756,-10.511420984508508,38.22313131337092
65,4,12.670411924629834,8.346419023925726,52.45453765252165
65,3,-14.206243764128534,-10.572610938266342,38.4498567579786
66,4,12.565793921160406,8.264386265085122,51.87654800531174
66,3,-14.107774713402756,-10.511420984508508,38.22313131337092
67,4,12.670411924629834,8.346419023925726,52.45453765252165
67,3,-14.107774713402756,-10.511420984508508,38.22313131337092
68,4,12.670411924629834,8.346419023925726,52.45453765252165
68,3,-14.206243764128534,-10.572610938266342,38.4498567579786
69,4,12.565793921160406,8.264386265085122,51.87654800531174
69,3,-14.107774713402756,-10.511420984508508,38.22313131337092
70,4,12.670411924629834,8.346419023925726,52.45453765252165
70,3,-14.107774713402756,-10.511420984508508,38.22313131337092
71,4,12.565793921160406,8.264386265085122,51.87654800531174
71,3,-14.274186552164625,-10.626442913871198,38.74982106184454
72,4,12.565793921160406,8.264386265085122,51.87654800531174
72,3,-14.107774713402756,-10.511420984508508,38.22313131337092
73,4,12.670411924629834,8.346419023925726,52.45453765252165
73,3,-14.107774713402756,-10.511420984508508,38.22313131337092
74,4,12.670411924629834,8.346419023925726,52.45453765252165
74,3,-14.206243764128534,-10.572610938266342,38.4498567579786
75,4,12.670411924629834,8.346419023925726,52.45453765252165
75,3,-14.107774713402756,-10.511420984508508,38.22313131337092
76,4,12.670411924629834,8.346419023925726,52.45453765252165
76,3,-14.206243764128534,-10.572610938266342,38.4498567579786
77,4,12.670411924629834,8.346419023925726,52.45453765252165
77,3,-14.107774713402756,-10.511420984508508,38.22313131337092
78,4,12.670411924629834,8.346419023925726,52.45453765252165
78,3,-14.107774713402756,-10.511420984508508,38.22313131337092
79,4,12.565793921160406,8.264386265085122,51.87654800531174
79,3,-14.107774713402756,-10.511420984508508,38.22313131337092
80,4,12.670411924629834,8.346419023925726,52.45453765252165
80,3,-14.107774713402756,-10.511420984508508,38.22313131337092
81,4,12.670411924629834,8.346419023925726,52.45453765252165
81,3,-14.107774713402756,-10.511420984508508,38.22313131337092
82,4,12.670411924629834,8.346419023925726,52.45453765252165
82,3,-14.250612934556745,-10.587620980159933,38.614675269840276
83,4,12.670411924629834,8.346419023925726,52.45453765252165
83,3,-14.107774713402756,-10.511420984508508,38.22313131337092
84,4,12.670411924629834,8.346419023925726,52.45453765252165
84,3,-14.274186552164625,-10.626442913871198,38.74982106184454
85,4,12.670411924629834,8.346419023925726,52.45453765252165
85,3,-14.206243764128534,-10.572610938266342,38.4498567579786
86,4,12.565793921160406,8.264386265085122,51.87654800531174
86,3,-14.107774713402756,-10.511420984508508,38.22313131337092
87,4,12.670411924629834,8.346419023925726,52.45453765252165
87,3,-14.206243764128534,-10.572610938266342,38.4498567579786
88,4,12.670411924629834,8.346419023925726,52.45453765252165
88,3,-14.107774713402756,-10.511420984508508,38.22313131337092
89,4,12.670411924629834,8.346419023925726,52.45453765252165
89,3,-14.107774713402756,-10.511420984508508,38.22313131337092
90,4,12.565793921160406,8.264386265085122,51.87654800531174
90,3,-14.274186552164625,-10.626442913871198,38.74982106184454
91,17,103.64998172229917,59.78844362873551,116.57370342696072
91,4,12.565793921160406,8.264386265085122,51.87654800531174
91,3,-14.107774713402756,-10.511420984508508,38.22313131337092
92,4,12.670411924629834,8.346419023925726,52.45453765252165
92,3,-14.107774713402756,-10.511420984508508,38.22313131337092
93,4,12.670411924629834,8.346419023925726,52.45453765252165
93,3,-14.107774713402756,-10.511420984508508,38.22313131337092
94,4,12.670411924629834,8.346419023925726,52.45453765252165
94,3,-14.206243764128534,-10.572610938266342,38.4498567579786
95,4,12.670411924629834,8.346419023925726,52.45453765252165
95,3,-14.107774713402756,-10.511420984508508,38.22313131337092
96,4,12.670411924629834,8.346419023925726,52.45453765252165
96,3,-14.274186552164625,-10.626442913871198,38.74982106184454
97,4,12.565793921160406,8.264386265085122,51.87654800531174
97,3,-14.206243764128534,-10.572610938266342,38.4498567579786
98,4,12.670411924629834,8.346419023925726,52.45453765252165
98,3,-14.107774713402756,-10.511420984508508,38.22313131337092
99,4,12.565793921160406,8.264386265085122,51.87654800531174
99,3,-14.107774713402756,-10.511420984508508,38.22313131337092
100,4,12.565793921160406,8.264386265085122,51.87654800531174
100,3,-14.107774713402756,-10.511420984508508,38.22313131337092
101,4,12.565793921160406,8.264386265085122,51.87654800531174
101,3,-14.107774713402756,-10.511420984508508,38.22313131337092
102,4,12.565793921160406,8.264386265085122,51.87654800531174
102,3,-14.107774713402756,-10.511420984508508,38.22313131337092
103,4,12.670411924629834,8.346419023925726,52.45453765252165
103,3,-14.107774713402756,-10.511420984508508,38.22313131337092
104,4,12.670411924629834,8.346419023925726,52.45453765252165
104,3,-14.107774713402756,-10.511420984508508,38.22313131337092
105,4,12.670411924629834,8.346419023925726,52.45453765252165
105,3,-14.107774713402756,-10.511420984508508,38.22313131337092
106,4,12.670411924629834,8.346419023925726,52.45453765252165
106,3,-14.107774713402756,-10.511420984508508,38.22313131337092
107,4,12.670411924629834,8.346419023925726,52.45453765252165
107,3,-14.274186552164625,-10.626442913871198,38.74982106184454
108,4,12.565793921160406,8.264386265085122,51.87654800531174
108,3,-14.274186552164625,-10.626442913871198,38.74982106184454
109,4,12.670411924629834,8.346419023925726,52.45453765252165
109,3,-14.107774713402756,-10.511420984508508,38.22313131337092
110,4,12.670411924629834,8.346419023925726,52.45453765252165
110,3,-14.107774713402756,-10.511420984508508,38.22313131337092
111,4,12.670411924629834,8.346419023925726,52.45453765252165
111,3,-14.206243764128534,-10.572610938266342,38.4498567579786
112,4,12.670411924629834,8.346419023925726,52.45453765252165
112,3,-14.107774713402756,-10.511420984508508,38.22313131337092
113,4,12.670411924629834,8.346419023925726,52.45453765252165
113,3,-14.206243764128534,-10.572610938266342,38.4498567579786
114,4,12.565793921160406,8.264386265085122,51.87654800531174
114,3,-14.206243764128534,-10.572610938266342,38.4498567579786
115,4,12.670411924629834,8.346419023925726,52.45453765252165
115,3,-14.107774713402756,-10.511420984508508,38.22313131337092
116,4,12.670411924629834,8.346419023925726,52.45453765252165
116,3,-14.047833524738964,-10.450487866758928,38.05991412111097
117,4,12.565793921160406,8.264386265085122,51.87654800531174
117,3,-14.107774713402756,-10.511420984508508,38.22313131337092
118,17,103.64998172229917,59.78844362873551,116.57370342696072
118,4,12.565793921160406,8.264386265085122,51.87654800531174
118,3,-14.107774713402756,-10.511420984508508,38.22313131337092
119,4,12.670411924629834,8.346419023925726,52.45453765252165
119,3,-14.206243764128534,-10.572610938266342,38.4498567579786
120,4,12.565793921160406,8.264386265085122,51.87654800531174
120,3,-14.274186552164625,-10.626442913871198,38.74982106184454
121,4,12.565793921160406,8.264386265085122,51.87654800531174
121,3,-14.107774713402756,-10.511420984508508,38.22313131337092
122,4,12.670411924629834,8.346419023925726,52.45453765252165
122,3,-14.274186552164625,-10.626442913871198,38.74982106184454
123,4,12.670411924629834,8.346419023925726,52.45453765252165
123,3,-14.107774713402756,-10.511420984508508,38.22313131337092
124,4,12.670411924629834,8.346419023925726,52.45453765252165
124,3,-14.274186552164625,-10.626442913871198,38.74982106184454
125,4,12.565793921160406,8.264386265085122,51.87654800531174
125,3,-14.107774713402756,-10.511420984508508,38.22313131337092
126,4,12.565793921160406,8.264386265085122,51.87654800531174
126,3,-14.274186552164625,-10.626442913871198,38.74982106184454
127,17,37.1845627555241,21.43191363167785,41.792937189011234
127,4,12.670411924629834,8.346419023925726,52.45453765252165
127,3,-14.107774713402756,-10.511420984508508,38.22313131337092
128,4,12.565793921160406,8.264386265085122,51.87654800531174
128,3,-14.274186552164625,-10.626442913871198,38.74982106184454
129,4,12.565793921160406,8.264386265085122,51.87654800531174
129,3,-14.107774713402756,-10.511420984508508,38.22313131337092
130,4,12.670411924629834,8.346419023925726,52.45453765252165
130,3,-14.206243764128534,-10.572610938266342,38.4498567579786
131,4,12.670411924629834,8.346419023925726,52.45453765252165
131,3,-14.206243764128534,-10.572610938266342,38.4498567579786
132,4,12.670411924629834,8.346419023925726,52.45453765252165
132,3,-14.274186552164625,-10.626442913871198,38.74982106184454
133,4,12.670411924629834,8.346419023925726,52.45453765252165
133,3,-14.107774713402756,-10.511420984508508,38.22313131337092
134,4,12.670411924629834,8.346419023925726,52.45453765252165
134,3,-14.107774713402756,-10.511420984508508,38.22313131337092
135,4,12.670411924629834,8.346419023925726,52.45453765252165
135,3,-14.274186552164625,-10.626442913871198,38.74982106184454
136,4,12.670411924629834,8.346419023925726,52.45453765252165
136,3,-14.274186552164625,-10.626442913871198,38.74982106184454
137,4,12.670411924629834,8.346419023925726,52.45453765252165
137,3,-14.107774713402756,-10.511420984508508,38.22313131337092
138,4,12.670411924629834,8.346419023925726,52.45453765252165
138,3,-14.250612934556745,-10.587620980159933,38.614675269840276
139,4,12.670411924629834,8.346419023925726,52.45453765252165
139,3,-14.107774713402756,-10.511420984508508,38.22313131337092
140,4,12.565793921160406,8.264386265085122,51.87654800531174
140,3,-14.107774713402756,-10.511420984508508,38.22313131337092
141,4,12.670411924629834,8.346419023925726,52.45453765252165
141,3,-14.107774713402756,-10.511420984508508,38.22313131337092
142,4,12.565793921160406,8.264386265085122,51.87654800531174
142,3,-14.274186552164625,-10.626442913871198,38.74982106184454
143,4,12.565793921160406,8.264386265085122,51.87654800531174
143,3,-14.274186552164625,-10.626442913871198,38.74982106184454
144,4,12.670411924629834,8.346419023925726,52.45453765252165
144,3,-14.107774713402756,-10.511420984508508,38.22313131337092
145,4,12.670411924629834,8.346419023925726,52.45453765252165
145,3,-14.274186552164625,-10.626442913871198,38.74982106184454
146,4,12.670411924629834,8.346419023925726,52.45453765252165
146,3,-14.274186552164625,-10.626442913871198,38.74982106184454
147,4,12.565793921160406,8.264386265085122,51.87654800531174
147,3,-14.206243764128534,-10.572610938266342,38.4498567579786
148,4,12.670411924629834,8.346419023925726,52.45453765252165
148,3,-14.274186552164625,-10.626442913871198,38.74982106184454
149,4,12.670411924629834,8.346419023925726,52.45453765252165
149,3,-14.206243764128534,-10.572610938266342,38.4498567579786
150,4,12.670411924629834,8.346419023925726,52.45453765252165
150,3,-14.274186552164625,-10.626442913871198,38.74982106184454
151,4,12.670411924629834,8.346419023925726,52.45453765252165
151,3,-14.107774713402756,-10.511420984508508,38.22313131337092
152,4,12.670411924629834,8.346419023925726,52.45453765252165
152,3,-14.107774713402756,-10.511420984508508,38.22313131337092
153,17,16.9334213095546,7.731457924931777,18.195642008550447
153,4,12.670411924629834,8.346419023925726,52.45453765252165
153,3,-14.107774713402756,-10.511420984508508,38.22313131337092
154,4,12.670411924629834,8.346419023925726,52.45453765252165
154,3,-14.250612934556745,-10.587620980159933,38.614675269840276
155,4,12.670411924629834,8.346419023925726,52.45453765252165
155,3,-14.274186552164625,-10.626442913871198,38.74982106184454
156,4,12.670411924629834,8.346419023925726,52.45453765252165
156,3,-14.107774713402756,-10.511420984508508,38.22313131337092
157,4,12.670411924629834,8.346419023925726,52.45453765252165
157,3,-14.274186552164625,-10.626442913871198,38.74982106184454
158,4,12.565793921160406,8.264386265085122,51.87654800531174
158,3,-14.107774713402756,-10.511420984508508,38.22313131337092
159,4,12.565793921160406,8.264386265085122,51.87654800531174
159,3,-14.206243764128534,-10.572610938266342,38.4498567579786
160,4,12.670411924629834,8.346419023925726,52.45453765252165
160,3,-14.206243764128534,-10.572610938266342,38.4498567579786
161,4,12.670411924629834,8.346419023925726,52.45453765252165
161,3,-14.274186552164625,-10.626442913871198,38.74982106184454
162,4,12.565793921160406,8.264386265085122,51.87654800531174
162,3,-14.107774713402756,-10.511420984508508,38.22313131337092
163,4,12.565793921160406,8.264386265085122,51.87654800531174
163,3,-14.206243764128534,-10.572610938266342,38.4498567579786
164,4,12.565793921160406,8.264386265085122,51.87654800531174
164,3,-14.107774713402756,-10.511420984508508,38.22313131337092
165,4,12.565793921160406,8.264386265085122,51.87654800531174
165,3,-14.107774713402756,-10.511420984508508,38.22313131337092
166,4,12.670411924629834,8.346419023925726,52.45453765252165
166,3,-14.107774713402756,-10.511420984508508,38.22313131337092
167,4,12.670411924629834,8.346419023925726,52.45453765252165
167,3,-14.107774713402756,-10.511420984508508,38.22313131337092
168,4,12.670411924629834,8.346419023925726,52.45453765252165
168,3,-14.107774713402756,-10.511420984508508,38.22313131337092
169,4,12.670411924629834,8.346419023925726,52.45453765252165
169,3,-14.107774713402756,-10.511420984508508,38.22313131337092
170,4,12.670411924629834,8.346419023925726,52.45453765252165
170,3,-14.250612934556745,-10.587620980159933,38.614675269840276
171,4,12.670411924629834,8.346419023925726,52.45453765252165
171,3,-14.107774713402756,-10.511420984508508,38.22313131337092
172,4,12.670411924629834,8.346419023925726,52.45453765252165
172,3,-14.250612934556745,-10.587620980159933,38.614675269840276
173,4,12.670411924629834,8.346419023925726,52.45453765252165
173,3,-14.107774713402756,-10.511420984508508,38.22313131337092
174,4,12.670411924629834,8.346419023925726,52.45453765252165
174,3,-14.107774713402756,-10.511420984508508,38.22313131337092
175,4,12.565793921160406,8.264386265085122,51.87654800531174
175,3,-14.206243764128534,-10.572610938266342,38.4498567579786
176,4,12.670411924629834,8.346419023925726,52.45453765252165
176,3,-14.047833524738964,-10.450487866758928,38.05991412111097
177,42,41.73863324521079,16.022954873889713,43.5615265456492
177,4,12.565793921160406,8.264386265085122,51.87654800531174
177,3,-14.107774713402756,-10.511420984508508,38.22313131337092
178,4,12.670411924629834,8.346419023925726,52.45453765252165
178,3,-14.274186552164625,-10.626442913871198,38.74982106184454
179,4,12.670411924629834,8.346419023925726,52.45453765252165
179,3,-14.047833524738964,-10.450487866758928,38.05991412111097
180,4,12.565793921160406,8.264386265085122,51.87654800531174
180,3,-14.274186552164625,-10.626442913871198,38.74982106184454
181,4,12.565793921160406,8.264386265085122,51.87654800531174
181,3,-14.107774713402756,-10.511420984508508,38.22313131337092
182,4,12.670411924629834,8.346419023925726,52.45453765252165
182,3,-14.274186552164625,-10.626442913871198,38.74982106184454
183,4,12.670411924629834,8.346419023925726,52.45453765252165
183,3,-14.206243764128534,-10.572610938266342,38.4498567579786
184,4,12.670411924629834,8.346419023925726,52.45453765252165
184,3,-14.107774713402756,-10.511420984508508,38.22313131337092
185,3,-14.107774713402756,-10.511420984508508,38.22313131337092
185,4,12.670411924629834,8.346419023925726,52.45453765252165
186,4,12.670411924629834,8.346419023925726,52.45453765252165
186,3,-14.107774713402756,-10.511420984508508,38.22313131337092
187,4,12.565793921160406,8.264386265085122,51.87654800531174
187,3,-14.107774713402756,-10.511420984508508,38.22313131337092
188,4,12.670411924629834,8.346419023925726,52.45453765252165
188,3,-14.107774713402756,-10.511420984508508,38.22313131337092
189,4,12.565793921160406,8.264386265085122,51.87654800531174
189,3,-14.107774713402756,-10.511420984508508,38.22313131337092
190,4,12.670411924629834,8.346419023925726,52.45453765252165
190,3,-14.107774713402756,-10.511420984508508,38.22313131337092
191,4,12.670411924629834,8.346419023925726,52.45453765252165
191,3,-14.274186552164625,-10.626442913871198,38.74982106184454
192,4,12.670411924629834,8.346419023925726,52.45453765252165
192,3,-14.107774713402756,-10.511420984508508,38.22313131337092
193,4,12.670411924629834,8.346419023925726,52.45453765252165
193,3,-14.107774713402756,-10.511420984508508,38.22313131337092
194,4,12.565793921160406,8.264386265085122,51.87654800531174
194,3,-14.206243764128534,-10.572610938266342,38.4498567579786
195,17,397.40185243569545,177.79399516055824,424.563885957515
195,4,12.670411924629834,8.346419023925726,52.45453765252165
195,3,-14.107774713402756,-10.511420984508508,38.22313131337092
196,4,12.670411924629834,8.346419023925726,52.45453765252165
196,3,-14.107774713402756,-10.511420984508508,38.22313131337092
197,4,12.670411924629834,8.346419023925726,52.45453765252165
197,3,-14.107774713402756,-10.511420984508508,38.22313131337092
198,4,12.565793921160406,8.264386265085122,51.87654800531174
198,3,-14.107774713402756,-10.511420984508508,38.22313131337092
199,4,12.670411924629834,8.346419023925726,52.45453765252165
199,3,-14.206243764128534,-10.572610938266342,38.4498567579786
200,4,12.670411924629834,8.346419023925726,52.45453765252165
200,3,-14.107774713402756,-10.511420984508508,38.22313131337092
201,4,12.670411924629834,8.346419023925726,52.45453765252165
201,3,-14.206243764128534,-10.572610938266342,38.4498567579786
202,4,12.670411924629834,8.346419023925726,52.45453765252165
202,3,-14.107774713402756,-10.511420984508508,38.22313131337092
203,4,12.670411924629834,8.346419023925726,52.45453765252165
203,3,-14.274186552164625,-10.626442913871198,38.74982106184454
204,4,12.565793921160406,8.264386265085122,51.87654800531174
204,3,-14.107774713402756,-10.511420984508508,38.22313131337092
205,4,12.670411924629834,8.346419023925726,52.45453765252165
205,3,-14.111091285847388,-10.533327511846085,38.30862441375767
206,4,12.565793921160406,8.264386265085122,51.87654800531174
206,3,-14.107774713402756,-10.511420984508508,38.22313131337092
207,4,12.670411924629834,8.346419023925726,52.45453765252165
207,3,-14.107774713402756,-10.511420984508508,38.22313131337092
208,4,12.670411924629834,8.346419023925726,52.45453765252165
208,3,-14.047833524738964,-10.450487866758928,38.05991412111097
209,4,12.670411924629834,8.346419023925726,52.45453765252165
209,3,-14.107774713402756,-10.511420984508508,38.22313131337092
210,4,12.670411924629834,8.346419023925726,52.45453765252165
210,3,-14.274186552164625,-10.626442913871198,38.74982106184454
211,4,12.670411924629834,8.346419023925726,52.45453765252165
211,3,-14.325626475880826,-10.647055826043589,38.819452730620895
212,4,12.670411924629834,8.346419023925726,52.45453765252165
212,3,-14.274186552164625,-10.626442913871198,38.74982106184454
213,3,-14.274186552164625,-10.626442913871198,38.74982106184454
213,4,12.565793921160406,8.264386265085122,51.87654800531174
214,4,12.670411924629834,8.346419023925726,52.45453765252165
214,3,-14.274186552164625,-10.626442913871198,38.74982106184454
215,4,12.670411924629834,8.346419023925726,52.45453765252165
215,3,-14.274186552164625,-10.626442913871198,38.74982106184454
216,42,41.73863324521079,16.022954873889713,43.5615265456492
216,4,12.670411924629834,8.346419023925726,52.45453765252165
216,3,-14.274186552164625,-10.626442913871198,38.74982106184454
217,4,12.670411924629834,8.346419023925726,52.45453765252165
217,3,-14.111091285847388,-10.533327511846085,38.30862441375767
218,4,12.565793921160406,8.264386265085122,51.87654800531174
218,3,-14.274186552164625,-10.626442913871198,38.74982106184454
219,4,12.670411924629834,8.346419023925726,52.45453765252165
219,3,-14.107774713402756,-10.511420984508508,38.22313131337092
220,4,12.670411924629834,8.346419023925726,52.45453765252165
220,3,-14.274186552164625,-10.626442913871198,38.74982106184454
221,4,12.670411924629834,8.346419023925726,52.45453765252165
221,3,-14.274186552164625,-10.626442913871198,38.74982106184454
222,4,12.670411924629834,8.346419023925726,52.45453765252165
222,3,-14.274186552164625,-10.626442913871198,38.74982106184454
223,4,12.670411924629834,8.346419023925726,52.45453765252165
223,3,-14.274186552164625,-10.626442913871198,38.74982106184454
224,4,12.670411924629834,8.346419023925726,52.45453765252165
224,3,-14.274186552164625,-10.626442913871198,38.74982106184454
225,4,12.565793921160406,8.264386265085122,51.87654800531174
225,3,-14.274186552164625,-10.626442913871198,38.74982106184454
226,4,12.565793921160406,8.264386265085122,51.87654800531174
226,3,-14.274186552164625,-10.626442913871198,38.74982106184454
227,4,12.565793921160406,8.264386265085122,51.87654800531174
227,3,-14.274186552164625,-10.626442913871198,38.74982106184454
228,3,-14.274186552164625,-10.626442913871198,38.74982106184454
228,4,12.565793921160406,8.264386265085122,51.87654800531174
229,4,12.670411924629834,8.346419023925726,52.45453765252165
229,3,-14.274186552164625,-10.626442913871198,38.74982106184454
230,4,12.670411924629834,8.346419023925726,52.45453765252165
230,3,-14.274186552164625,-10.626442913871198,38.74982106184454
231,4,12.670411924629834,8.346419023925726,52.45453765252165
231,3,-14.206243764128534,-10.572610938266342,38.4498567579786
232,4,12.565793921160406,8.264386265085122,51.87654800531174
232,3,-14.274186552164625,-10.626442913871198,38.74982106184454
233,4,12.670411924629834,8.346419023925726,52.45453765252165
233,3,-14.274186552164625,-10.626442913871198,38.74982106184454
234,4,12.670411924629834,8.346419023925726,52.45453765252165
234,3,-14.274186552164625,-10.626442913871198,38.74982106184454
235,4,12.670411924629834,8.346419023925726,52.45453765252165
235,3,-14.250612934556745,-10.587620980159933,38.614675269840276
236,4,12.670411924629834,8.346419023925726,52.45453765252165
236,3,-14.274186552164625,-10.626442913871198,38.74982106184454
237,4,12.670411924629834,8.346419023925726,52.45453765252165
237,3,-14.274186552164625,-10.626442913871198,38.74982106184454
238,4,12.565793921160406,8.264386265085122,51.87654800531174
238,3,-14.131224905061393,-10.515930949528858,38.287463792802924
239,4,12.565793921160406,8.264386265085122,51.87654800531174
239,3,-14.274186552164625,-10.626442913871198,38.74982106184454
240,4,12.565793921160406,8.264386265085122,51.87654800531174
240,3,-14.274186552164625,-10.626442913871198,38.74982106184454
241,4,12.670411924629834,8.346419023925726,52.45453765252165
241,3,-14.274186552164625,-10.626442913871198,38.74982106184454
242,4,12.670411924629834,8.346419023925726,52.45453765252165
242,3,-14.274186552164625,-10.626442913871198,38.74982106184454
243,4,12.670411924629834,8.346419023925726,52.45453765252165
243,3,-14.274186552164625,-10.626442913871198,38.74982106184454
244,4,12.670411924629834,8.346419023925726,52.45453765252165
244,3,-14.325626475880826,-10.647055826043589,38.819452730620895
245,4,12.670411924629834,8.346419023925726,52.45453765252165
245,3,-14.131224905061393,-10.515930949528858,38.287463792802924
246,3,-14.274186552164625,-10.626442913871198,38.74982106184454
246,4,12.670411924629834,8.346419023925726,52.45453765252165
247,4,12.565793921160406,8.264386265085122,51.87654800531174
247,3,-14.274186552164625,-10.626442913871198,38.74982106184454
248,4,12.670411924629834,8.346419023925726,52.45453765252165
248,3,-14.274186552164625,-10.626442913871198,38.74982106184454
249,4,12.670411924629834,8.346419023925726,52.45453765252165
249,3,-14.274186552164625,-10.626442913871198,38.74982106184454
250,4,12.565793921160406,8.264386265085122,51.87654800531174
250,3,-14.107774713402756,-10.511420984508508,38.22313131337092
251,4,12.670411924629834,8.346419023925726,52.45453765252165
251,3,-14.206243764128534,-10.572610938266342,38.4498567579786
252,4,12.565793921160406,8.264386265085122,51.87654800531174
252,3,-14.274186552164625,-10.626442913871198,38.74982106184454
253,4,12.565793921160406,8.264386265085122,51.87654800531174
253,3,-14.274186552164625,-10.626442913871198,38.74982106184454
254,4,12.670411924629834,8.346419023925726,52.45453765252165
254,3,-14.274186552164625,-10.626442913871198,38.74982106184454
255,4,12.670411924629834,8.346419023925726,52.45453765252165
255,3,-14.274186552164625,-10.626442913871198,38.74982106184454
256,4,12.670411924629834,8.346419023925726,52.45453765252165
256,3,-14.325626475880826,-10.647055826043589,38.819452730620895
257,4,12.670411924629834,8.346419023925726,52.45453765252165
257,3,-14.107774713402756,-10.511420984508508,38.22313131337092
258,4,12.565793921160406,8.264386265085122,51.87654800531174
258,3,-14.274186552164625,-10.626442913871198,38.74982106184454
259,4,12.670411924629834,8.346419023925726,52.45453765252165
259,3,-14.274186552164625,-10.626442913871198,38.74982106184454
260,4,12.670411924629834,8.346419023925726,52.45453765252165
260,3,-14.274186552164625,-10.626442913871198,38.74982106184454
261,4,12.670411924629834,8.346419023925726,52.45453765252165
261,3,-14.274186552164625,-10.626442913871198,38.74982106184454
262,4,12.670411924629834,8.346419023925726,52.45453765252165
262,3,-14.274186552164625,-10.626442913871198,38.74982106184454
263,4,12.565793921160406,8.264386265085122,51.87654800531174
263,3,-14.274186552164625,-10.626442913871198,38.74982106184454
264,4,12.670411924629834,8.346419023925726,52.45453765252165
264,3,-14.111091285847388,-10.533327511846085,38.30862441375767
265,4,12.565793921160406,8.264386265085122,51.87654800531174
265,3,-14.111091285847388,-10.533327511846085,38.30862441375767
266,4,12.670411924629834,8.346419023925726,52.45453765252165
266,3,-14.274186552164625,-10.626442913871198,38.74982106184454
267,4,12.670411924629834,8.346419023925726,52.45453765252165
267,3,-14.274186552164625,-10.626442913871198,38.74982106184454
268,4,12.670411924629834,8.346419023925726,52.45453765252165
268,3,-14.274186552164625,-10.626442913871198,38.74982106184454
269,4,12.670411924629834,8.346419023925726,52.45453765252165
269,3,-14.274186552164625,-10.626442913871198,38.74982106184454
270,4,12.670411924629834,8.346419023925726,52.45453765252165
270,3,-14.274186552164625,-10.626442913871198,38.74982106184454
271,4,12.670411924629834,8.346419023925726,52.45453765252165
271,3,-14.131224905061393,-10.515930949528858,38.287463792802924
272,4,12.670411924629834,8.346419023925726,52.45453765252165
272,3,-14.274186552164625,-10.626442913871198,38.74982106184454
273,4,12.670411924629834,8.346419023925726,52.45453765252165
273,3,-14.274186552164625,-10.626442913871198,38.74982106184454
274,4,12.670411924629834,8.346419023925726,52.45453765252165
274,3,-14.274186552164625,-10.626442913871198,38.74982106184454
275,4,12.565793921160406,8.264386265085122,51.87654800531174
275,3,-14.274186552164625,-10.626442913871198,38.74982106184454
276,4,12.565793921160406,8.264386265085122,51.87654800531174
276,3,-14.206243764128534,-10.572610938266342,38.4498567579786
277,4,12.565793921160406,8.264386265085122,51.87654800531174
277,3,-14.274186552164625,-10.626442913871198,38.74982106184454
278,4,12.670411924629834,8.346419023925726,52.45453765252165
278,3,-14.274186552164625,-10.626442913871198,38.74982106184454
279,4,12.670411924629834,8.346419023925726,52.45453765252165
279,3,-14.274186552164625,-10.626442913871198,38.74982106184454
280,4,12.670411924629834,8.346419023925726,52.45453765252165
280,3,-14.274186552164625,-10.626442913871198,38.74982106184454
281,4,12.670411924629834,8.346419023925726,52.45453765252165
281,3,-14.274186552164625,-10.626442913871198,38.74982106184454
282,4,12.670411924629834,8.346419023925726,52.45453765252165
282,3,-14.274186552164625,-10.626442913871198,38.74982106184454
283,4,12.670411924629834,8.346419023925726,52.45453765252165
283,3,-14.325626475880826,-10.647055826043589,38.819452730620895
284,4,12.565793921160406,8.264386265085122,51.87654800531174
284,3,-14.131224905061393,-10.515930949528858,38.287463792802924
285,4,12.670411924629834,8.346419023925726,52.45453765252165
285,3,-14.274186552164625,-10.626442913871198,38.74982106184454
286,4,12.670411924629834,8.346419023925726,52.45453765252165
286,3,-14.274186552164625,-10.626442913871198,38.74982106184454
287,4,12.565793921160406,8.264386265085122,51.87654800531174
287,3,-14.274186552164625,-10.626442913871198,38.74982106184454
288,4,12.565793921160406,8.264386265085122,51.87654800531174
288,3,-14.274186552164625,-10.626442913871198,38.74982106184454
289,4,12.565793921160406,8.264386265085122,51.87654800531174
289,3,-14.274186552164625,-10.626442913871198,38.74982106184454
290,4,12.565793921160406,8.264386265085122,51.87654800531174
290,3,-14.107774713402756,-10.511420984508508,38.22313131337092
291,4,12.670411924629834,8.346419023925726,52.45453765252165
291,3,-14.274186552164625,-10.626442913871198,38.74982106184454
292,4,12.670411924629834,8.346419023925726,52.45453765252165
292,3,-14.274186552164625,-10.626442913871198,38.74982106184454
293,4,12.670411924629834,8.346419023925726,52.45453765252165
293,3,-14.274186552164625,-10.626442913871198,38.74982106184454
294,4,12.565793921160406,8.264386265085122,51.87654800531174
294,3,-14.274186552164625,-10.626442913871198,38.74982106184454
295,4,12.670411924629834,8.346419023925726,52.45453765252165
295,3,-14.325626475880826,-10.647055826043589,38.819452730620895
296,4,12.670411924629834,8.346419023925726,52.45453765252165
296,3,-14.274186552164625,-10.626442913871198,38.74982106184454
297,4,12.670411924629834,8.346419023925726,52.45453765252165
297,3,-14.274186552164625,-10.626442913871198,38.74982106184454
298,4,12.670411924629834,8.346419023925726,52.45453765252165
298,3,-14.274186552164625,-10.626442913871198,38.74982106184454
299,4,12.670411924629834,8.346419023925726,52.45453765252165
299,3,-14.28969725571227,-10.651405435736342,38.790626201633536
300,4,12.670411924629834,8.346419023925726,52.45453765252165
300,3,-14.107774713402756,-10.511420984508508,38.22313131337092
301,4,12.565793921160406,8.264386265085122,51.87654800531174
301,3,-14.111091285847388,-10.533327511846085,38.30862441375767
302,4,12.670411924629834,8.346419023925726,52.45453765252165
302,3,-14.274186552164625,-10.626442913871198,38.74982106184454
303,4,12.565793921160406,8.264386265085122,51.87654800531174
303,3,-14.274186552164625,-10.626442913871198,38.74982106184454
304,4,12.670411924629834,8.346419023925726,52.45453765252165
304,3,-14.250612934556745,-10.587620980159933,38.614675269840276
305,4,12.670411924629834,8.346419023925726,52.45453765252165
305,3,-14.274186552164625,-10.626442913871198,38.74982106184454
306,4,12.670411924629834,8.346419023925726,52.45453765252165
306,3,-14.274186552164625,-10.626442913871198,38.74982106184454
307,4,12.670411924629834,8.346419023925726,52.45453765252165
307,3,-14.274186552164625,-10.626442913871198,38.74982106184454
308,4,12.670411924629834,8.346419023925726,52.45453765252165
308,3,-14.274186552164625,-10.626442913871198,38.74982106184454
309,4,12.670411924629834,8.346419023925726,52.45453765252165
309,3,-14.274186552164625,-10.626442913871198,38.74982106184454
310,4,12.670411924629834,8.346419023925726,52.45453765252165
310,3,-14.274186552164625,-10.626442913871198,38.74982106184454
311,4,12.670411924629834,8.346419023925726,52.45453765252165
311,3,-14.274186552164625,-10.626442913871198,38.74982106184454
312,4,12.670411924629834,8.346419023925726,52.45453765252165
312,3,-14.274186552164625,-10.626442913871198,38.74982106184454
313,4,12.670411924629834,8.346419023925726,52.45453765252165
313,3,-14.111091285847388,-10.533327511846085,38.30862441375767
314,4,12.565793921160406,8.264386265085122,51.87654800531174
314,3,-14.274186552164625,-10.626442913871198,38.74982106184454
315,4,12.565793921160406,8.264386265085122,51.87654800531174
315,3,-14.274186552164625,-10.626442913871198,38.74982106184454
316,4,12.670411924629834,8.346419023925726,52.45453765252165
316,3,-14.274186552164625,-10.626442913871198,38.74982106184454
317,4,12.670411924629834,8.346419023925726,52.45453765252165
317,3,-14.325626475880826,-10.647055826043589,38.819452730620895
318,4,12.670411924629834,8.346419023925726,52.45453765252165
318,3,-14.274186552164625,-10.626442913871198,38.74982106184454
319,4,12.670411924629834,8.346419023925726,52.45453765252165
319,3,-14.325626475880826,-10.647055826043589,38.819452730620895
320,3,-14.274186552164625,-10.626442913871198,38.74982106184454
320,4,12.670411924629834,8.346419023925726,52.45453765252165
321,4,12.670411924629834,8.346419023925726,52.45453765252165
321,3,-14.274186552164625,-10.626442913871198,38.74982106184454
322,4,12.565793921160406,8.264386265085122,51.87654800531174
322,3,-14.274186552164625,-10.626442913871198,38.74982106184454
323,4,12.565793921160406,8.264386265085122,51.87654800531174
323,3,-14.274186552164625,-10.626442913871198,38.74982106184454
324,4,12.565793921160406,8.264386265085122,51.87654800531174
324,3,-14.111091285847388,-10.533327511846085,38.30862441375767
325,4,12.670411924629834,8.346419023925726,52.45453765252165
325,3,-14.274186552164625,-10.626442913871198,38.74982106184454
326,4,12.565793921160406,8.264386265085122,51.87654800531174
326,3,-14.274186552164625,-10.626442913871198,38.74982106184454
327,4,12.565793921160406,8.264386265085122,51.87654800531174
327,3,-14.274186552164625,-10.626442913871198,38.74982106184454
328,4,12.670411924629834,8.346419023925726,52.45453765252165
328,3,-14.274186552164625,-10.626442913871198,38.74982106184454
329,4,12.670411924629834,8.346419023925726,52.45453765252165
329,3,-14.274186552164625,-10.626442913871198,38.74982106184454
330,4,12.670411924629834,8.346419023925726,52.45453765252165
330,3,-14.325626475880826,-10.647055826043589,38.819452730620895
331,4,12.670411924629834,8.346419023925726,52.45453765252165
331,3,-14.325626475880826,-10.647055826043589,38.819452730620895
332,4,12.670411924629834,8.346419023925726,52.45453765252165
332,3,-14.274186552164625,-10.626442913871198,38.74982106184454
333,4,12.670411924629834,8.346419023925726,52.45453765252165
333,3,-14.274186552164625,-10.626442913871198,38.74982106184454
334,4,12.670411924629834,8.346419023925726,52.45453765252165
334,3,-14.274186552164625,-10.626442913871198,38.74982106184454
335,4,12.670411924629834,8.346419023925726,52.45453765252165
335,3,-14.274186552164625,-10.626442913871198,38.74982106184454
336,4,12.670411924629834,8.346419023925726,52.45453765252165
336,3,-14.107774713402756,-10.511420984508508,38.22313131337092
337,4,12.565793921160406,8.264386265085122,51.87654800531174
337,3,-14.28969725571227,-10.651405435736342,38.790626201633536
338,4,12.565793921160406,8.264386265085122,51.87654800531174
338,3,-14.274186552164625,-10.626442913871198,38.74982106184454
339,4,12.670411924629834,8.346419023925726,52.45453765252165
339,3,-14.274186552164625,-10.626442913871198,38.74982106184454
340,4,12.670411924629834,8.346419023925726,52.45453765252165
340,3,-14.274186552164625,-10.626442913871198,38.74982106184454
341,4,12.670411924629834,8.346419023925726,52.45453765252165
341,3,-14.274186552164625,-10.626442913871198,38.74982106184454
342,4,12.670411924629834,8.346419023925726,52.45453765252165
342,3,-14.274186552164625,-10.626442913871198,38.74982106184454
343,4,12.670411924629834,8.346419023925726,52.45453765252165
343,3,-14.325626475880826,-10.647055826043589,38.819452730620895
344,4,12.670411924629834,8.346419023925726,52.45453765252165
344,3,-14.274186552164625,-10.626442913871198,38.74982106184454
345,4,12.670411924629834,8.346419023925726,52.45453765252165
345,3,-14.274186552164625,-10.626442913871198,38.74982106184454
346,4,12.670411924629834,8.346419023925726,52.45453765252165
346,3,-14.274186552164625,-10.626442913871198,38.74982106184454
347,4,12.565793921160406,8.264386265085122,51.87654800531174
347,3,-14.274186552164625,-10.626442913871198,38.74982106184454
348,4,12.670411924629834,8.346419023925726,52.45453765252165
348,3,-14.274186552164625,-10.626442913871198,38.74982106184454
349,4,12.565793921160406,8.264386265085122,51.87654800531174
349,3,-14.274186552164625,-10.626442913871198,38.74982106184454
350,4,12.565793921160406,8.264386265085122,51.87654800531174
350,3,-14.274186552164625,-10.626442913871198,38.74982106184454
351,4,12.565793921160406,8.264386265085122,51.87654800531174
351,3,-14.274186552164625,-10.626442913871198,38.74982106184454
352,4,12.670411924629834,8.346419023925726,52.45453765252165
352,3,-14.131224905061393,-10.515930949528858,38.287463792802924
353,4,12.670411924629834,8.346419023925726,52.45453765252165
353,3,-14.274186552164625,-10.626442913871198,38.74982106184454
354,4,12.670411924629834,8.346419023925726,52.45453765252165
354,3,-14.131224905061393,-10.515930949528858,38.287463792802924
355,4,12.670411924629834,8.346419023925726,52.45453765252165
355,3,-14.274186552164625,-10.626442913871198,38.74982106184454
356,4,12.670411924629834,8.346419023925726,52.45453765252165
356,3,-14.274186552164625,-10.626442913871198,38.74982106184454
357,4,12.670411924629834,8.346419023925726,52.45453765252165
357,3,-14.274186552164625,-10.626442913871198,38.74982106184454
358,4,12.670411924629834,8.346419023925726,52.45453765252165
358,3,-14.325626475880826,-10.647055826043589,38.819452730620895
359,4,12.670411924629834,8.346419023925726,52.45453765252165
359,3,-14.274186552164625,-10.626442913871198,38.74982106184454
360,4,12.670411924629834,8.346419023925726,52.45453765252165
360,3,-14.206243764128534,-10.572610938266342,38.4498567579786
361,4,12.565793921160406,8.264386265085122,51.87654800531174
361,3,-14.107774713402756,-10.511420984508508,38.22313131337092
362,4,12.565793921160406,8.264386265085122,51.87654800531174
362,3,-14.274186552164625,-10.626442913871198,38.74982106184454
363,4,12.565793921160406,8.264386265085122,51.87654800531174
363,3,-14.111091285847388,-10.533327511846085,38.30862441375767
364,4,12.670411924629834,8.346419023925726,52.45453765252165
364,3,-14.274186552164625,-10.626442913871198,38.74982106184454
365,4,12.670411924629834,8.346419023925726,52.45453765252165
365,3,-14.274186552164625,-10.626442913871198,38.74982106184454
366,4,12.670411924629834,8.346419023925726,52.45453765252165
366,3,-14.274186552164625,-10.626442913871198,38.74982106184454
367,4,12.565793921160406,8.264386265085122,51.87654800531174
367,3,-14.325626475880826,-10.647055826043589,38.819452730620895
368,4,12.670411924629834,8.346419023925726,52.45453765252165
368,3,-14.325626475880826,-10.647055826043589,38.819452730620895
369,4,12.565793921160406,8.264386265085122,51.87654800531174
369,3,-14.325626475880826,-10.647055826043589,38.819452730620895
370,4,12.565793921160406,8.264386265085122,51.87654800531174
370,3,-14.274186552164625,-10.626442913871198,38.74982106184454
371,4,12.670411924629834,8.346419023925726,52.45453765252165
371,3,-14.274186552164625,-10.626442913871198,38.74982106184454
372,4,12.670411924629834,8.346419023925726,52.45453765252165
372,3,-14.274186552164625,-10.626442913871198,38.74982106184454
373,4,12.670411924629834,8.346419023925726,52.45453765252165
373,3,-14.206243764128534,-10.572610938266342,38.4498567579786
374,4,12.565793921160406,8.264386265085122,51.87654800531174
374,3,-14.111091285847388,-10.533327511846085,38.30862441375767
375,4,12.565793921160406,8.264386265085122,51.87654800531174
375,3,-14.206243764128534,-10.572610938266342,38.4498567579786
376,4,12.565793921160406,8.264386265085122,51.87654800531174
376,3,-14.107774713402756,-10.511420984508508,38.22313131337092
377,4,12.670411924629834,8.346419023925726,52.45453765252165
377,3,-14.274186552164625,-10.626442913871198,38.74982106184454
378,4,12.670411924629834,8.346419023925726,52.45453765252165
378,3,-14.274186552164625,-10.626442913871198,38.74982106184454
379,4,12.670411924629834,8.346419023925726,52.45453765252165
379,3,-14.274186552164625,-10.626442913871198,38.74982106184454
380,4,12.670411924629834,8.346419023925726,52.45453765252165
380,3,-14.325626475880826,-10.647055826043589,38.819452730620895
381,4,12.670411924629834,8.346419023925726,52.45453765252165
381,3,-14.274186552164625,-10.626442913871198,38.74982106184454
382,4,12.670411924629834,8.346419023925726,52.45453765252165
382,3,-14.107774713402756,-10.511420984508508,38.22313131337092
383,4,12.670411924629834,8.346419023925726,52.45453765252165
383,3,-14.274186552164625,-10.626442913871198,38.74982106184454
384,4,12.670411924629834,8.346419023925726,52.45453765252165
384,3,-14.274186552164625,-10.626442913871198,38.74982106184454
385,4,12.670411924629834,8.346419023925726,52.45453765252165
385,3,-14.274186552164625,-10.626442913871198,38.74982106184454
386,4,12.670411924629834,8.346419023925726,52.45453765252165
386,3,-14.274186552164625,-10.626442913871198,38.74982106184454
387,4,12.565793921160406,8.264386265085122,51.87654800531174
387,3,-14.28969725571227,-10.651405435736342,38.790626201633536
388,4,12.670411924629834,8.346419023925726,52.45453765252165
388,3,-14.274186552164625,-10.626442913871198,38.74982106184454
389,4,12.670411924629834,8.346419023925726,52.45453765252165
389,3,-14.274186552164625,-10.626442913871198,38.74982106184454
390,4,12.670411924629834,8.346419023925726,52.45453765252165
390,3,-14.274186552164625,-10.626442913871198,38.74982106184454
391,4,12.670411924629834,8.346419023925726,52.45453765252165
391,3,-14.274186552164625,-10.626442913871198,38.74982106184454
392,4,12.565793921160406,8.264386265085122,51.87654800531174
392,3,-14.274186552164625,-10.626442913871198,38.74982106184454
393,4,12.670411924629834,8.346419023925726,52.45453765252165
393,3,-14.274186552164625,-10.626442913871198,38.74982106184454
394,4,12.565793921160406,8.264386265085122,51.87654800531174
394,3,-14.274186552164625,-10.626442913871198,38.74982106184454
395,4,12.670411924629834,8.346419023925726,52.45453765252165
395,3,-14.274186552164625,-10.626442913871198,38.74982106184454
396,4,12.670411924629834,8.346419023925726,52.45453765252165
396,3,-14.274186552164625,-10.626442913871198,38.74982106184454
397,4,12.670411924629834,8.346419023925726,52.45453765252165
397,3,-14.274186552164625,-10.626442913871198,38.74982106184454
398,4,12.670411924629834,8.346419023925726,52.45453765252165
398,3,-14.274186552164625,-10.626442913871198,38.74982106184454
399,4,12.670411924629834,8.346419023925726,52.45453765252165
399,3,-14.107774713402756,-10.511420984508508,38.22313131337092
400,4,12.565793921160406,8.264386265085122,51.87654800531174
400,3,-14.274186552164625,-10.626442913871198,38.74982106184454
401,4,12.670411924629834,8.346419023925726,52.45453765252165
401,3,-14.274186552164625,-10.626442913871198,38.74982106184454
402,4,12.670411924629834,8.346419023925726,52.45453765252165
402,3,-14.274186552164625,-10.626442913871198,38.74982106184454
403,4,12.670411924629834,8.346419023925726,52.45453765252165
403,3,-14.274186552164625,-10.626442913871198,38.74982106184454
404,4,12.670411924629834,8.346419023925726,52.45453765252165
404,3,-14.274186552164625,-10.626442913871198,38.74982106184454
405,4,12.670411924629834,8.346419023925726,52.45453765252165
405,3,-14.274186552164625,-10.626442913871198,38.74982106184454
406,4,12.670411924629834,8.346419023925726,52.45453765252165
406,3,-14.274186552164625,-10.626442913871198,38.74982106184454
407,4,12.670411924629834,8.346419023925726,52.45453765252165
407,3,-14.274186552164625,-10.626442913871198,38.74982106184454
408,4,12.670411924629834,8.346419023925726,52.45453765252165
408,3,-14.107774713402756,-10.511420984508508,38.22313131337092
409,4,12.565793921160406,8.264386265085122,51.87654800531174
409,3,-14.274186552164625,-10.626442913871198,38.74982106184454
410,4,12.670411924629834,8.346419023925726,52.45453765252165
410,3,-14.274186552164625,-10.626442913871198,38.74982106184454
411,4,12.670411924629834,8.346419023925726,52.45453765252165
411,3,-14.274186552164625,-10.626442913871198,38.74982106184454
412,4,12.670411924629834,8.346419023925726,52.45453765252165
412,3,-14.274186552164625,-10.626442913871198,38.74982106184454
413,4,12.565793921160406,8.264386265085122,51.87654800531174
413,3,-14.107774713402756,-10.511420984508508,38.22313131337092
414,4,12.670411924629834,8.346419023925726,52.45453765252165
414,3,-14.274186552164625,-10.626442913871198,38.74982106184454
415,4,12.670411924629834,8.346419023925726,52.45453765252165
415,3,-14.274186552164625,-10.626442913871198,38.74982106184454
416,4,12.565793921160406,8.264386265085122,51.87654800531174
416,3,-14.274186552164625,-10.626442913871198,38.74982106184454
417,4,12.670411924629834,8.346419023925726,52.45453765252165
417,3,-14.274186552164625,-10.626442913871198,38.74982106184454
418,4,12.670411924629834,8.346419023925726,52.45453765252165
418,3,-14.274186552164625,-10.626442913871198,38.74982106184454
419,4,12.565793921160406,8.264386265085122,51.87654800531174
419,3,-14.131224905061393,-10.515930949528858,38.287463792802924
420,4,12.565793921160406,8.264386265085122,51.87654800531174
420,3,-14.325626475880826,-10.647055826043589,38.819452730620895
421,4,12.670411924629834,8.346419023925726,52.45453765252165
421,3,-14.274186552164625,-10.626442913871198,38.74982106184454
422,4,12.670411924629834,8.346419023925726,52.45453765252165
422,3,-14.274186552164625,-10.626442913871198,38.74982106184454
423,4,12.670411924629834,8.346419023925726,52.45453765252165
423,3,-14.274186552164625,-10.626442913871198,38.74982106184454
424,4,12.670411924629834,8.346419023925726,52.45453765252165
424,3,-14.274186552164625,-10.626442913871198,38.74982106184454
425,4,12.670411924629834,8.346419023925726,52.45453765252165
425,3,-14.274186552164625,-10.626442913871198,38.74982106184454
426,4,12.670411924629834,8.346419023925726,52.45453765252165
426,3,-14.274186552164625,-10.626442913871198,38.74982106184454
427,4,12.670411924629834,8.346419023925726,52.45453765252165
427,3,-14.206243764128534,-10.572610938266342,38.4498567579786
428,4,12.670411924629834,8.346419023925726,52.45453765252165
428,3,-14.274186552164625,-10.626442913871198,38.74982106184454
429,4,12.565793921160406,8.264386265085122,51.87654800531174
429,3,-14.274186552164625,-10.626442913871198,38.74982106184454
430,4,12.670411924629834,8.346419023925726,52.45453765252165
430,3,-14.131224905061393,-10.515930949528858,38.287463792802924
431,4,12.565793921160406,8.264386265085122,51.87654800531174
431,3,-14.274186552164625,-10.626442913871198,38.74982106184454
432,4,12.565793921160406,8.264386265085122,51.87654800531174
432,3,-14.274186552164625,-10.626442913871198,38.74982106184454
433,4,12.565793921160406,8.264386265085122,51.87654800531174
433,3,-14.274186552164625,-10.626442913871198,38.74982106184454
434,4,12.670411924629834,8.346419023925726,52.45453765252165
434,3,-14.274186552164625,-10.626442913871198,38.74982106184454
435,4,12.670411924629834,8.346419023925726,52.45453765252165
435,3,-14.274186552164625,-10.626442913871198,38.74982106184454
436,4,12.565793921160406,8.264386265085122,51.87654800531174
436,3,-14.274186552164625,-10.626442913871198,38.74982106184454
437,4,12.670411924629834,8.346419023925726,52.45453765252165
437,3,-14.107774713402756,-10.511420984508508,38.22313131337092
438,4,12.670411924629834,8.346419023925726,52.45453765252165
438,3,-14.274186552164625,-10.626442913871198,38.74982106184454
439,4,12.670411924629834,8.346419023925726,52.45453765252165
439,3,-14.274186552164625,-10.626442913871198,38.74982106184454
440,3,-14.274186552164625,-10.626442913871198,38.74982106184454
440,4,12.670411924629834,8.346419023925726,52.45453765252165
441,4,12.670411924629834,8.346419023925726,52.45453765252165
441,3,-14.274186552164625,-10.626442913871198,38.74982106184454
442,4,12.670411924629834,8.346419023925726,52.45453765252165
442,3,-14.274186552164625,-10.626442913871198,38.74982106184454
443,4,12.670411924629834,8.346419023925726,52.45453765252165
443,3,-14.274186552164625,-10.626442913871198,38.74982106184454
444,4,12.565793921160406,8.264386265085122,51.87654800531174
444,3,-14.274186552164625,-10.626442913871198,38.74982106184454
445,4,12.670411924629834,8.346419023925726,52.45453765252165
445,3,-14.274186552164625,-10.626442913871198,38.74982106184454
446,4,12.670411924629834,8.346419023925726,52.45453765252165
446,3,-14.274186552164625,-10.626442913871198,38.74982106184454
447,4,12.670411924629834,8.346419023925726,52.45453765252165
447,3,-14.274186552164625,-10.626442913871198,38.74982106184454
448,4,12.670411924629834,8.346419023925726,52.45453765252165
448,3,-14.274186552164625,-10.626442913871198,38.74982106184454
449,4,12.670411924629834,8.346419023925726,52.45453765252165
449,3,-14.274186552164625,-10.626442913871198,38.74982106184454
450,4,12.670411924629834,8.346419023925726,52.45453765252165
450,3,-14.274186552164625,-10.626442913871198,38.74982106184454
451,4,12.670411924629834,8.346419023925726,52.45453765252165
451,3,-14.274186552164625,-10.626442913871198,38.74982106184454
452,4,12.670411924629834,8.346419023925726,52.45453765252165
452,3,-14.274186552164625,-10.626442913871198,38.74982106184454
453,4,12.670411924629834,8.346419023925726,52.45453765252165
453,3,-14.274186552164625,-10.626442913871198,38.74982106184454
454,4,12.565793921160406,8.264386265085122,51.87654800531174
454,3,-14.274186552164625,-10.626442913871198,38.74982106184454
455,4,12.670411924629834,8.346419023925726,52.45453765252165
455,3,-14.274186552164625,-10.626442913871198,38.74982106184454
456,4,12.670411924629834,8.346419023925726,52.45453765252165
456,3,-14.274186552164625,-10.626442913871198,38.74982106184454
457,4,12.670411924629834,8.346419023925726,52.45453765252165
457,3,-14.274186552164625,-10.626442913871198,38.74982106184454
458,4,12.670411924629834,8.346419023925726,52.45453765252165
458,3,-14.274186552164625,-10.626442913871198,38.74982106184454
459,4,12.670411924629834,8.346419023925726,52.45453765252165
459,3,-14.250612934556745,-10.587620980159933,38.614675269840276
460,4,12.670411924629834,8.346419023925726,52.45453765252165
460,3,-14.274186552164625,-10.626442913871198,38.74982106184454
461,4,12.670411924629834,8.346419023925726,52.45453765252165
461,3,-14.274186552164625,-10.626442913871198,38.74982106184454
462,4,12.565793921160406,8.264386265085122,51.87654800531174
462,3,-14.274186552164625,-10.626442913871198,38.74982106184454
463,4,12.670411924629834,8.346419023925726,52.45453765252165
463,3,-14.107774713402756,-10.511420984508508,38.22313131337092
464,4,12.670411924629834,8.346419023925726,52.45453765252165
464,3,-14.274186552164625,-10.626442913871198,38.74982106184454
465,4,12.565793921160406,8.264386265085122,51.87654800531174
465,3,-14.111091285847388,-10.533327511846085,38.30862441375767
466,4,12.670411924629834,8.346419023925726,52.45453765252165
466,3,-14.274186552164625,-10.626442913871198,38.74982106184454
467,4,12.670411924629834,8.346419023925726,52.45453765252165
467,3,-14.107774713402756,-10.511420984508508,38.22313131337092
468,4,12.670411924629834,8.346419023925726,52.45453765252165
468,3,-14.274186552164625,-10.626442913871198,38.74982106184454
469,4,12.670411924629834,8.346419023925726,52.45453765252165
469,3,-14.274186552164625,-10.626442913871198,38.74982106184454
470,4,12.670411924629834,8.346419023925726,52.45453765252165
470,3,-14.274186552164625,-10.626442913871198,38.74982106184454
471,4,12.565793921160406,8.264386265085122,51.87654800531174
471,3,-14.274186552164625,-10.626442913871198,38.74982106184454
472,4,12.670411924629834,8.346419023925726,52.45453765252165
472,3,-14.274186552164625,-10.626442913871198,38.74982106184454
473,4,12.670411924629834,8.346419023925726,52.45453765252165
473,3,-14.274186552164625,-10.626442913871198,38.74982106184454
474,4,12.670411924629834,8.346419023925726,52.45453765252165
474,3,-14.274186552164625,-10.626442913871198,38.74982106184454
475,4,12.670411924629834,8.346419023925726,52.45453765252165
475,3,-14.274186552164625,-10.626442913871198,38.74982106184454
476,4,12.670411924629834,8.346419023925726,52.45453765252165
476,3,-14.274186552164625,-10.626442913871198,38.74982106184454
477,4,12.670411924629834,8.346419023925726,52.45453765252165
477,3,-14.274186552164625,-10.626442913871198,38.74982106184454
478,4,12.565793921160406,8.264386265085122,51.87654800531174
478,3,-14.274186552164625,-10.626442913871198,38.74982106184454
479,4,12.670411924629834,8.346419023925726,52.45453765252165
479,3,-14.274186552164625,-10.626442913871198,38.74982106184454
480,4,12.670411924629834,8.346419023925726,52.45453765252165
480,3,-14.274186552164625,-10.626442913871198,38.74982106184454
481,4,12.670411924629834,8.346419023925726,52.45453765252165
481,3,-14.274186552164625,-10.626442913871198,38.74982106184454
482,4,12.670411924629834,8.346419023925726,52.45453765252165
482,3,-14.274186552164625,-10.626442913871198,38.74982106184454
483,4,12.670411924629834,8.346419023925726,52.45453765252165
483,3,-14.274186552164625,-10.626442913871198,38.74982106184454
484,4,12.670411924629834,8.346419023925726,52.45453765252165
484,3,-14.274186552164625,-10.626442913871198,38.74982106184454
485,4,12.670411924629834,8.346419023925726,52.45453765252165
485,3,-14.274186552164625,-10.626442913871198,38.74982106184454
486,4,12.565793921160406,8.264386265085122,51.87654800531174
486,3,-14.107774713402756,-10.511420984508508,38.22313131337092
487,4,12.670411924629834,8.346419023925726,52.45453765252165
487,3,-14.274186552164625,-10.626442913871198,38.74982106184454
488,4,12.565793921160406,8.264386265085122,51.87654800531174
488,3,-14.274186552164625,-10.626442913871198,38.74982106184454
489,4,12.565793921160406,8.264386265085122,51.87654800531174
489,3,-14.206243764128534,-10.572610938266342,38.4498567579786
490,4,12.670411924629834,8.346419023925726,52.45453765252165
490,3,-14.274186552164625,-10.626442913871198,38.74982106184454
491,4,12.670411924629834,8.346419023925726,52.45453765252165
491,3,-14.274186552164625,-10.626442913871198,38.74982106184454
492,4,12.565793921160406,8.264386265085122,51.87654800531174
492,3,-14.274186552164625,-10.626442913871198,38.74982106184454
493,4,12.670411924629834,8.346419023925726,52.45453765252165
493,3,-14.274186552164625,-10.626442913871198,38.74982106184454
494,4,12.670411924629834,8.346419023925726,52.45453765252165
494,3,-14.274186552164625,-10.626442913871198,38.74982106184454
495,4,12.670411924629834,8.346419023925726,52.45453765252165
495,3,-14.107774713402756,-10.511420984508508,38.22313131337092
496,4,12.670411924629834,8.346419023925726,52.45453765252165
496,3,-14.274186552164625,-10.626442913871198,38.74982106184454
497,4,12.670411924629834,8.346419023925726,52.45453765252165
497,3,-14.274186552164625,-10.626442913871198,38.74982106184454
498,4,12.670411924629834,8.346419023925726,52.45453765252165
498,3,-14.274186552164625,-10.626442913871198,38.74982106184454
499,4,12.670411924629834,8.346419023925726,52.45453765252165
499,3,-14.325626475880826,-10.647055826043589,38.819452730620895
500,4,12.670411924629834,8.346419023925726,52.45453765252165
500,3,-14.274186552164625,-10.626442913871198,38.74982106184454
501,4,12.565793921160406,8.264386265085122,51.87654800531174
501,3,-14.107774713402756,-10.511420984508508,38.22313131337092
502,4,12.670411924629834,8.346419023925726,52.45453765252165
502,3,-14.274186552164625,-10.626442913871198,38.74982106184454
503,4,12.670411924629834,8.346419023925726,52.45453765252165
503,3,-14.274186552164625,-10.626442913871198,38.74982106184454
504,4,12.565793921160406,8.264386265085122,51.87654800531174
504,3,-14.274186552164625,-10.626442913871198,38.74982106184454
505,4,12.670411924629834,8.346419023925726,52.45453765252165
505,3,-14.274186552164625,-10.626442913871198,38.74982106184454
506,4,12.670411924629834,8.346419023925726,52.45453765252165
506,3,-14.274186552164625,-10.626442913871198,38.74982106184454
507,4,12.670411924629834,8.346419023925726,52.45453765252165
507,3,-14.274186552164625,-10.626442913871198,38.74982106184454
508,4,12.670411924629834,8.346419023925726,52.45453765252165
